2016-08;teeth;641
2016-08;smile;548
2016-08;dentist;544
2016-08;center;466
2016-08;blog;399
2016-08;read;391
2016-08;announces;391
2016-08;missing;389
2016-08;best;338
2016-08;francisco;327
2016-09;teeth;661
2016-09;smile;491
2016-09;tooth;454
2016-09;missing;411
2016-09;dentist;392
2016-09;blog;248
2016-09;read;222
2016-09;call;222
2016-09;today;199
2016-09;dentures;197
2016-10;dentist;732
2016-10;teeth;628
2016-10;dentistry;601
2016-10;smile;510
2016-10;missing;456
2016-10;offers;445
2016-10;braces;438
2016-10;lake;434
2016-10;general;431
2016-10;including;426
2016-11;teeth;615
2016-11;call;468
2016-11;dentist;424
2016-11;missing;400
2016-11;affordable;392
2016-11;smile;383
2016-11;cost;372
2016-11;free;354
2016-11;quality;262
2016-11;read;258
2016-12;dentist;848
2016-12;missing;793
2016-12;teeth;775
2016-12;cost;717
2016-12;tooth;645
2016-12;cosmetic;587
2016-12;smile;493
2016-12;clinic;472
2016-12;care;462
2016-12;style;457
2017-01;teeth;788
2017-01;cost;596
2017-01;dentist;594
2017-01;smile;484
2017-01;missing;437
2017-01;tooth;344
2017-01;dentistry;333
2017-01;dentures;322
2017-01;blog;259
2017-01;read;227
2017-02;teeth;749
2017-02;dentist;468
2017-02;missing;389
2017-02;smile;305
2017-02;installing;272
2017-02;read;233
2017-02;blog;231
2017-02;tooth;231
2017-02;dentures;213
2017-02;call;184
2017-03;teeth;2081
2017-03;center;1134
2017-03;choice;1046
2017-03;diego;1018
2017-03;dentist;751
2017-03;smile;688
2017-03;missing;579
2017-03;tooth;487
2017-03;whitening;413
2017-03;west;394
2017-04;solution;822
2017-04;alternative;689
2017-04;texas;681
2017-04;houston;675
2017-04;bishara;672
2017-04;teeth;513
2017-04;smile;475
2017-04;diego;376
2017-04;missing;352
2017-04;dentist;321
2017-05;smile;607
2017-05;teeth;573
2017-05;dentist;553
2017-05;dentistry;485
2017-05;missing;432
2017-05;best;411
2017-05;clinic;378
2017-05;call;350
2017-05;today;347
2017-05;procedure;309
2017-06;teeth;683
2017-06;smile;561
2017-06;dentist;527
2017-06;missing;447
2017-06;call;332
2017-06;dentures;288
2017-06;dentistry;257
2017-06;today;254
2017-06;fort;249
2017-06;collins;248
2017-07;teeth;712
2017-07;smile;562
2017-07;missing;497
2017-07;dentist;414
2017-07;tooth;367
2017-07;dentistry;335
2017-07;call;330
2017-07;cosmetic;308
2017-07;oral;241
2017-07;today;232
2017-08;houston;718
2017-08;dentist;694
2017-08;teeth;608
2017-08;cosmetic;583
2017-08;smile;531
2017-08;missing;405
2017-08;specialists;390
2017-08;long;380
2017-08;island;365
2017-08;york;363
2017-09;teeth;754
2017-09;missing;522
2017-09;smile;451
2017-09;dentistry;411
2017-09;dentist;331
2017-09;visit;288
2017-09;dentures;282
2017-09;crowns;255
2017-09;tooth;236
2017-09;needs;221
2017-10;teeth;1207
2017-10;austin;765
2017-10;dentist;662
2017-10;center;634
2017-10;dentistry;459
2017-10;missing;446
2017-10;quality;443
2017-10;smile;443
2017-10;abroad;419
2017-10;bridges;418
2017-11;teeth;920
2017-11;dentistry;682
2017-11;dentist;654
2017-11;smile;490
2017-11;missing;463
2017-11;offers;438
2017-11;cosmetic;373
2017-11;services;291
2017-11;benefits;289
2017-11;best;267
2017-12;teeth;774
2017-12;smile;574
2017-12;missing;513
2017-12;dentist;452
2017-12;confidence;365
2017-12;tooth;278
2017-12;technology;258
2017-12;boost;253
2017-12;dentistry;237
2017-12;call;230
2018-01;teeth;776
2018-01;smile;647
2018-01;missing;441
2018-01;dentist;335
2018-01;dentistry;327
2018-01;dentalimplants;288
2018-01;call;255
2018-01;tooth;245
2018-01;dentures;218
2018-01;solution;199
2018-02;teeth;696
2018-02;smile;644
2018-02;dentist;420
2018-02;missing;419
2018-02;tooth;367
2018-02;call;344
2018-02;dentacoin;293
2018-02;solution;265
2018-02;means;259
2018-02;treatment;250
2018-03;teeth;951
2018-03;smile;739
2018-03;dentist;617
2018-03;missing;467
2018-03;dentures;341
2018-03;offers;324
2018-03;dentistry;319
2018-03;call;299
2018-03;cosmetic;276
2018-03;dentalimplants;256
2018-04;dentist;695
2018-04;smile;638
2018-04;teeth;624
2018-04;missing;372
2018-04;dentistry;313
2018-04;call;294
2018-04;cosmetic;291
2018-04;dentalimplants;273
2018-04;tooth;254
2018-04;services;235
2018-05;dentist;308
2018-05;north;206
2018-05;teeth;140
2018-05;smile;131
2018-05;york;120
2018-05;botbol;115
2018-05;cosmetic;108
2018-05;offers;101
2018-05;good;96
2018-05;toronto;90
2018-07;dentist;285
2018-07;smile;218
2018-07;teeth;184
2018-07;dentistry;106
2018-07;missing;105
2018-07;good;98
2018-07;toronto;97
2018-07;botbol;93
2018-07;tooth;93
2018-07;dentalimplants;88
2018-08;teeth;591
2018-08;dentist;354
2018-08;smile;296
2018-08;missing;265
2018-08;center;200
2018-08;dentalimplants;199
2018-08;hills;160
2018-08;beverly;154
2018-08;tooth;152
2018-08;dentistry;151
2018-09;teeth;1223
2018-09;dentist;556
2018-09;smile;540
2018-09;missing;536
2018-09;tooth;317
2018-09;dentalimplants;308
2018-09;treatment;296
2018-09;dentistry;283
2018-09;visit;277
2018-09;call;269
2018-10;teeth;1283
2018-10;smile;840
2018-10;missing;645
2018-10;dentist;564
2018-10;tooth;439
2018-10;treatment;355
2018-10;restore;340
2018-10;dentistry;340
2018-10;visit;322
2018-10;dentures;310
2018-11;teeth;1105
2018-11;smile;623
2018-11;missing;587
2018-11;dentist;542
2018-11;treatment;357
2018-11;dentistry;351
2018-11;tooth;325
2018-11;dentalimplants;316
2018-11;dentures;280
2018-11;visit;273
2018-12;teeth;943
2018-12;dentist;852
2018-12;smile;646
2018-12;fort;572
2018-12;collins;567
2018-12;mini;522
2018-12;dentures;491
2018-12;missing;473
2018-12;affordable;455
2018-12;dentistry;454
2019-01;teeth;1861
2019-01;dentistry;1232
2019-01;affordable;968
2019-01;office;948
2019-01;root;913
2019-01;canal;899
2019-01;offering;889
2019-01;wisdom;888
2019-01;smile;740
2019-01;veneers;579
2019-02;teeth;1362
2019-02;labradors;705
2019-02;smile;612
2019-02;dentist;603
2019-02;dentalimplants;511
2019-02;dentistry;493
2019-02;dentures;484
2019-02;missing;483
2019-02;killed;398
2019-02;look;393
2019-03;teeth;708
2019-03;dentist;578
2019-03;smile;446
2019-03;missing;352
2019-03;stockbridge;286
2019-03;tooth;235
2019-03;dentalimplants;208
2019-03;dentures;203
2019-03;call;200
2019-03;dentistry;193
2019-04;teeth;933
2019-04;smile;532
2019-04;missing;512
2019-04;dentist;480
2019-04;tooth;331
2019-04;dentistry;327
2019-04;dentalimplants;323
2019-04;today;292
2019-04;call;261
2019-04;dentures;228
2019-05;teeth;1163
2019-05;dentist;697
2019-05;smile;620
2019-05;missing;551
2019-05;dentalimplants;360
2019-05;today;316
2019-05;dentistry;307
2019-05;call;289
2019-05;dentures;242
2019-05;tooth;240
2019-06;trump;1328
2019-06;dentist;1179
2019-06;teeth;931
2019-06;smile;580
2019-06;plano;508
2019-06;missing;453
2019-06;cosmetic;422
2019-06;today;325
2019-06;dentistry;312
2019-06;dentalimplants;298
2019-07;teeth;767
2019-07;smile;564
2019-07;affordable;454
2019-07;solutions;438
2019-07;missing;428
2019-07;call;351
2019-07;dentistry;298
2019-07;dentist;292
2019-07;today;286
2019-07;tooth;269
2019-08;teeth;838
2019-08;missing;540
2019-08;smile;506
2019-08;dentist;365
2019-08;dentistry;318
2019-08;tooth;313
2019-08;call;312
2019-08;dentalimplants;261
2019-08;dentures;257
2019-08;today;228
2019-09;teeth;639
2019-09;smile;545
2019-09;missing;376
2019-09;tooth;343
2019-09;dentist;289
2019-09;dentistry;288
2019-09;dentalimplants;267
2019-09;call;230
2019-09;dentures;208
2019-09;today;205
2019-10;teeth;527
2019-10;smile;425
2019-10;missing;281
2019-10;dentalimplants;225
2019-10;dentist;216
2019-10;dentistry;212
2019-10;call;194
2019-10;tooth;189
2019-10;today;185
2019-10;dentures;158
2019-11;teeth;546
2019-11;smile;480
2019-11;missing;315
2019-11;dentistry;309
2019-11;dentist;291
2019-11;tooth;285
2019-11;dentalimplants;252
2019-11;call;219
2019-11;today;193
2019-11;treatment;165
