2016-07;burke;264
2016-07;cueva;220
2016-07;announces;220
2016-07;leading;220
2016-07;availability;220
2016-07;marco;220
2016-07;tooth;198
2016-07;dentist;154
2016-07;dentistry;150
2016-07;general;133
2016-08;teeth;297
2016-08;tooth;178
2016-08;grow;117
2016-08;improve;116
2016-08;goodbye;113
2016-08;weeks;110
2016-08;bone;109
2016-08;read;90
2016-08;care;89
2016-08;discovery;88
2016-09;teeth;264
2016-09;tooth;135
2016-09;best;110
2016-09;option;106
2016-09;natural;106
2016-09;learn;103
2016-09;replace;101
2016-09;surgery;95
2016-09;lost;92
2016-09;smile;85
2016-10;teeth;1594
2016-10;grow;1393
2016-10;goodbye;1317
2016-10;weeks;1314
2016-10;discovery;1312
2016-10;revolutionary;1279
2016-10;bone;160
2016-10;natural;151
2016-10;like;119
2016-10;right;118
2016-11;teeth;271
2016-11;video;157
2016-11;added;151
2016-11;playlist;142
2016-11;natural;127
2016-11;smile;115
2016-11;tooth;98
2016-11;placement;94
2016-11;work;93
2016-11;learn;80
2016-12;teeth;272
2016-12;tooth;157
2016-12;care;144
2016-12;video;116
2016-12;benefits;112
2016-12;procedure;111
2016-12;natural;109
2016-12;bone;93
2016-12;take;92
2016-12;playlist;88
2017-01;installed;2275
2017-01;teeth;263
2017-01;health;174
2017-01;tooth;164
2017-01;care;132
2017-01;periodontal;121
2017-01;bone;118
2017-01;natural;117
2017-01;academy;115
2017-01;fauchard;115
2017-02;installed;1078
2017-02;installing;272
2017-02;teeth;209
2017-02;patients;108
2017-02;care;104
2017-02;natural;102
2017-02;tooth;95
2017-02;right;70
2017-02;good;64
2017-02;benefits;58
2017-03;teeth;378
2017-03;failure;290
2017-03;reduce;240
2017-03;method;220
2017-03;successful;209
2017-03;care;151
2017-03;natural;151
2017-03;grow;151
2017-03;weeks;148
2017-03;goodbye;147
2017-04;teeth;282
2017-04;natural;145
2017-04;tooth;96
2017-04;weeks;94
2017-04;grow;87
2017-04;care;84
2017-04;goodbye;82
2017-04;learn;72
2017-04;like;67
2017-04;reasons;60
2017-05;teeth;330
2017-05;natural;143
2017-05;tooth;133
2017-05;grow;127
2017-05;learn;105
2017-05;last;101
2017-05;stem;95
2017-05;months;95
2017-05;lifetime;94
2017-05;cell;94
2017-06;teeth;358
2017-06;infographic;325
2017-06;explained;296
2017-06;grow;191
2017-06;goodbye;182
2017-06;weeks;177
2017-06;tooth;127
2017-06;natural;118
2017-06;learn;103
2017-06;bone;75
2017-07;teeth;578
2017-07;grow;323
2017-07;weeks;314
2017-07;goodbye;306
2017-07;learn;185
2017-07;health;133
2017-07;procedure;127
2017-07;bone;110
2017-07;tooth;109
2017-07;video;106
2017-08;teeth;414
2017-08;weeks;151
2017-08;missing;138
2017-08;benefits;135
2017-08;replace;133
2017-08;option;132
2017-08;goodbye;129
2017-08;grow;123
2017-08;health;116
2017-08;patients;108
2017-09;installed;427
2017-09;teeth;259
2017-09;learn;134
2017-09;tooth;126
2017-09;benefits;113
2017-09;natural;111
2017-09;look;97
2017-09;read;96
2017-09;feel;89
2017-09;post;86
2017-10;installed;371
2017-10;teeth;255
2017-10;tooth;143
2017-10;natural;89
2017-10;learn;88
2017-10;procedure;71
2017-10;bone;71
2017-10;video;71
2017-10;benefits;69
2017-10;good;58
2017-11;installed;259
2017-11;teeth;209
2017-11;tooth;130
2017-11;natural;89
2017-11;learn;88
2017-11;benefits;79
2017-11;oral;64
2017-11;option;63
2017-11;dentist;56
2017-11;patients;55
2017-12;teeth;179
2017-12;installed;167
2017-12;tooth;132
2017-12;natural;89
2017-12;dentalimplants;84
2017-12;learn;71
2017-12;health;61
2017-12;smile;54
2017-12;missing;53
2017-12;affordable;53
2018-01;teeth;226
2018-01;tooth;153
2018-01;dentalimplants;106
2018-01;natural;102
2018-01;missing;97
2018-01;feel;97
2018-01;option;85
2018-01;replace;83
2018-01;look;82
2018-01;learn;80
2018-02;teeth;211
2018-02;tooth;203
2018-02;natural;163
2018-02;option;133
2018-02;best;124
2018-02;right;93
2018-02;look;91
2018-02;missing;89
2018-02;feel;87
2018-02;learn;80
2018-03;teeth;195
2018-03;learn;153
2018-03;tooth;105
2018-03;dentalimplants;83
2018-03;video;79
2018-03;benefits;76
2018-03;smile;73
2018-03;placement;73
2018-03;patients;70
2018-03;natural;70
2018-04;teeth;124
2018-04;tooth;80
2018-04;video;73
2018-04;natural;65
2018-04;smile;64
2018-04;playlist;60
2018-04;added;60
2018-04;best;55
2018-04;dentalimplants;46
2018-04;surgery;43
2018-05;teeth;21
2018-05;tooth;17
2018-05;right;14
2018-05;option;12
2018-05;dentalimplants;12
2018-05;video;12
2018-05;dentist;9
2018-05;know;9
2018-05;added;9
2018-05;playlist;9
2018-07;teeth;30
2018-07;natural;24
2018-07;care;20
2018-07;bone;17
2018-07;tooth;15
2018-07;learn;15
2018-07;benefits;14
2018-07;look;13
2018-07;like;12
2018-07;best;12
2018-08;teeth;93
2018-08;natural;52
2018-08;benefits;40
2018-08;learn;35
2018-08;tooth;33
2018-08;bone;29
2018-08;think;27
2018-08;need;24
2018-08;know;24
2018-08;people;24
2018-09;teeth;145
2018-09;tooth;89
2018-09;natural;71
2018-09;like;62
2018-09;look;62
2018-09;bone;57
2018-09;video;56
2018-09;think;54
2018-09;feel;52
2018-09;missing;50
2018-10;tooth;202
2018-10;teeth;177
2018-10;improve;168
2018-10;natural;134
2018-10;bone;131
2018-10;function;93
2018-10;extractions;85
2018-10;grafts;84
2018-10;richard;84
2018-10;amato;83
2018-11;teeth;214
2018-11;natural;119
2018-11;tooth;91
2018-11;missing;89
2018-11;learn;77
2018-11;look;60
2018-11;feel;59
2018-11;like;56
2018-11;find;55
2018-11;last;55
2018-12;teeth;128
2018-12;candidate;96
2018-12;psychreg;86
2018-12;natural;78
2018-12;learn;71
2018-12;tooth;59
2018-12;care;53
2018-12;like;51
2018-12;dentalimplants;48
2018-12;look;46
